product_id,product_name,brand_name,unit_selling_price,landing_cost_per_unit,discount_rate,procured_quantity,order_id
432764,Dabur Neem Germ Protection Toothpaste,Dabur,76.0,85.41983,0.0,1,112247443
19481,Pears Pure & Gentle Soap,Pears,179.0,187.69714,0.0,1,112247528
18575,Vim Lemon Dishwash Gel,Vim,148.0,169.91496,0.0,1,112247731
22392,Dove Daily Shine Hair Conditioner,Dove,142.0,174.63155,0.0,1,112254554
392236,Surf Excel Front Load Matic Liquid Detergent,Surf Excel,368.0,397.7431,0.0,1,112266987
436442,Aashirvaad Organic Arhar Dal,Aashirvaad,95.0,101.398,0.0,1,112247321
3769,Saffola Gold Healthy Lifestyle & Heart Edible Oil,Saffola,414.0,425.87997,0.0,2,112267256
392236,Surf Excel Front Load Matic Liquid Detergent,Surf Excel,395.0,397.73843,0.0,1,112267500
455288,Ariel Top Load Matic Liquid Detergent,Ariel,305.0,361.1041,0.0,1,112267815
395049,Odonil Zipper Room Freshener,Odonil,128.0,141.27205,0.0,1,112268048
407580,Pril Tamarind Shine Specialist Dishwash Gel,Pril,151.0,174.14372,0.0,1,112247773
400329,Mother Dairy Pure Cow Ghee,Mother Dairy,400.0,453.10593,0.0,3,112267028
439210,Wingreens Farms Butter Garlic Naan Chips,Wingreens Farms,30.0,31.203,0.0,1,112247973
395043,Stayfree Dry Max All Night Sanitary Pads (Extra Large Wings),Stayfree,425.0,446.43,0.0,1,112255880
243,Nescafe Classic Instant Coffee,Nescafe,276.0,285.1774,0.0,2,112267836
393,Surf Excel Top Load Matic Detergent Powder,Surf Excel,324.0,446.90024,0.0,1,112268638
39022,Pond's Magic Freshness Acacia Honey Talc,Pond's,311.0,320.30417,0.0,1,112268600
23888,Head & Shoulders Anti Dandruff Shampoo,Head & Shoulders,385.0,624.13153,0.0,1,112268663
479477,Goeld Cheeseful Naan,Goeld,91.0,101.25199,0.0,1,112287334
82224,Saffola Gold Healthy Lifestyle & Heart Edible Oil,Saffola,203.0,215.28201,0.0,1,112287382
243,Nescafe Classic Instant Coffee,Nescafe,276.0,285.3555,0.0,1,112287446
409120,Colgate Toothpaste Bamboo Charcoal Black Gel And Wintergreen Mint For A Clean Mouth Experience,Colgate,99.0,108.9454,0.0,1,112288619
477869,9 Watt LED Bulb (Warm White/Golden Yellow) - Philips,Philips,270.0,310.0,0.0,1,112294749
393,Surf Excel Top Load Matic Detergent Powder,Surf Excel,324.0,446.6433,0.0,1,112294941
19184,Colgate Strong Teeth Anticavity Toothpaste,Colgate,216.0,221.40434,0.0,1,112306437
408764,Tide Extra Power (Jasmine & Rose) - 7 kg Detergent Powder - with Free Detergent Powder - 3 kg,Tide,890.0,924.9813,0.0,1,112307414
17184,Tropicana Apple Delight Juice,Tropicana,82.0,84.000145,0.0,1,112286578
114481,"Sunsilk Nourishing Soft & Smooth Shampoo, 650 ml",Sunsilk,406.0,493.05545,0.0,1,112286910
211410,Pears Pure & Gentle Soap - Pack of 5,Pears,280.0,290.48267,0.0,1,112287344
260417,Britannia Roasted Garlic Cheese Spread,Britannia,94.0,94.01675,0.0,1,112297814
108920,Saffola Active Pro Weight Watchers Edible Oil,Saffola,190.0,196.56,0.0,1,112287094
18575,Vim Lemon Dishwash Gel,Vim,148.0,169.82101,0.0,1,112287555
436305,Aashirvaad Organic Atta,Aashirvaad,250.0,265.59796,0.0,2,112288286
104,Aashirvaad Salt 1 kg,Aashirvaad,19.0,20.0,0.0,1,112294768
445811,Lifebuoy Germ Kill Disinfectant Spray (No Gas),Lifebuoy,140.0,160.07898,0.0,1,112326827
392004,Parachute 100% Pure Coconut Oil,Parachute,232.0,237.51,0.0,1,112327002
477170,Britannia Roasted Garlic - Cheese Spread,Britannia,41.0,51.266796,0.0,1,112339104
406534,Lizol Disinfectant Surface Floor Cleaner (Floral),Lizol,697.0,737.61505,0.0,1,112348628
55360,Parle Platina Hide & Seek Chocolate Chip Cookies,Parle Platina,48.0,52.8,0.0,2,112349099
402030,Nestea Ready to Drink Lemon Flavour Iced Tea,Nestea,125.0,125.145,0.0,1,112350529
458200,Nissin Geki - Hot & Spicy Korean Veg Flavoured Instant Noodles,Nissin,37.0,38.707,0.0,2,112351286
475679,Jade Forest Premium Club Soda Water,Jade Forest,46.0,56.245743,0.0,1,112307305
33216,B Natural Mixed Fruit Juice,B Natural,73.0,95.995,0.0,4,112307720
438988,Wingreens Farms Italian Herb Mayonnaise,Wingreens Farms,150.0,155.22101,0.0,1,112314469
294102,Odonil Lavender Mist Room Freshener,Odonil,124.0,137.09256,0.0,1,112327994
427139,Parle wafers Cream n Onion Potato Chips,Parle wafers,30.0,48.002995,0.0,1,112328184
63818,D'lecta Cheese Block,D'lecta,99.0,129.43074,0.0,2,112328725
34718,Saffola Active Pro Weight Watchers Edible Oil,Saffola,1016.0,1057.676,0.0,1,112308616
373525,Colgate Vedshakti Ayurvedic Toothpaste,Colgate,93.0,94.882195,0.0,2,112317301
63194,Tresemme Smooth & Shine Conditioner 190 ml,Tresemme,172.0,200.8625,0.0,1,112326626
28418,Santoor Sandal & Turmeric Soap - Pack of 4,Santoor,166.0,167.19441,0.0,1,113497429
402201,Dove Intense Repair Shampoo For Dry & Damaged Hair,Dove,540.0,701.156,0.0,1,113758695
17184,Tropicana Apple Delight Juice,Tropicana,82.0,84.0,0.0,1,113497573
46074,Parle Real Elaichi Premium Rusk,Parle,40.0,42.500805,0.0,1,113513587
352107,Exo Anti-Bacterial Dishwashing Tub (Ginger Twist),Exo,126.0,130.378,0.0,1,113518977
91039,Maggi Rich Tomato Ketchup 1 kg,Maggi,119.0,130.05048,0.0,1,113520012
19184,Colgate Strong Teeth Anticavity Toothpaste,Colgate,202.0,221.39409,0.0,1,113520253
211410,Pears Pure & Gentle Soap - Pack of 5,Pears,280.0,290.48303,0.0,1,113540419
458199,Nissin Geki - Hot & Spicy Korean Chicken Flavoured Instant Noodles,Nissin,30.0,38.707,0.0,1,113540714
401246,Britannia Winkin Cow Chocolate Thick Milkshake,Britannia,27.0,29.914078,0.0,1,113540853
475576,Typhoo Envelop Green Tea Bags,Typhoo,300.0,375.018,0.0,1,113540919
110136,Brooke Bond Taj Mahal Tea (1 kg),Brooke Bond Taj Mahal,550.0,550.98444,0.0,1,113541004
3587,24 Mantra Organic Kala Chana,24 Mantra,60.0,60.795,0.0,2,113541215
364817,Ariel Top Load Matic Detergent Powder - Buy 4 kg Get 2 kg Free,Ariel,904.0,1064.8105,0.0,1,113541408
439210,Wingreens Farms Butter Garlic Naan Chips,Wingreens Farms,30.0,31.202997,0.0,1,113876095
19735,Glucon-D Tangy Orange Instant Energy Drink Mix,Glucon-D,300.0,314.3036,0.0,1,113655547
421679,Palmolive Luminous Oils Invigorating Shower Gel,Palmolive,187.0,218.13464,0.0,1,113669553
3923,Green Peas,,12.0,14.975408,0.0,1,113674495
19512,Amul Taaza Toned Fresh Milk,Amul,24.0,24.13,0.0,2,113674613
392236,Surf Excel Front Load Matic Liquid Detergent,Surf Excel,395.0,397.74319999999994,0.0,3,113674733
220611,Dabur 100 % Pure Squeezy Honey - Buy 1 Get 1 Free,Dabur,297.0,308.144,0.0,1,113674733
481201,Bingo Cream and Onion Potato Chips,Bingo,25.0,41.5,0.0,1,113675251
408766,Surf Excel Front Load Matic Detergent Powder,Surf Excel,730.0,759.7269,0.0,1,113675559
477482,Eggoz Farm Fresh White Eggs (10 pieces),Eggoz,88.0,98.0,0.8863636363636364,1,113675758
32790,Slice Thickest Mango Drink,Slice,76.0,76.95485,0.8947368421052632,1,113675758
108301,Aashirvaad Multigrain Atta,Aashirvaad,275.0,280.02066,0.0,1,113676098
3888,Green Capsicum,,18.0,24.513512,0.0,1,113676227
127687,Lux Jasmine & Vitamin E Beauty Soap Mega Pack 3 x 150 g,Lux,132.0,147.47804,0.0,1,113734140
358,Real Activ 100% Apple Juice,Real,115.0,116.05398,0.0,2,113948594
466066,Colgate Total Whole Mouth Health Toothpaste - Pack of 2,Colgate,173.0,202.06516,0.0,2,113948837
374055,Bingo Original Style Chilli Potato Chips - Pack of 2,Bingo,32.0,33.196834,0.0,2,113948853
127096,Nestle Munch Chocolate Coated Crunchy Wafers - Share Pack,Nestle,85.0,85.36288,0.0,1,113949168
19191,Colgate MaxFresh Toothpaste (Spicy Fresh),Colgate MaxFresh,146.0,152.94398,0.0,1,113949251
353,Real Fruit Power Mixed Fruit Juice 1 l,Real,97.0,98.83539,0.0,3,113949412
10088,Cucumber,,15.0,17.288836,0.0,1,114099835
18322,Mountain Dew Soft Drink,Mountain Dew,64.0,64.80506,0.0,2,114113023
474412,Jade Forest Sparkling Grapefruit Tonic Water,Jade Forest,51.0,63.75623,0.0,1,114113291
3587,24 Mantra Organic Kala Chana,24 Mantra,60.0,60.761684,0.0,2,113801005
18822,Dettol Skincare Germ Protection Bathing Bar Soap,Dettol,54.0,54.869,0.0,2,113801250
307446,Pepsodent Germicheck 8 Actions Toothpaste,Pepsodent,113.0,115.836,0.0,1,113801576
369007,Odonil Bathroom Air Freshener Blocks - Mixed Fragrances - Pack of 4,Odonil,134.0,138.24779,0.0,1,113804588
17312,McVitie's Digestive Wholewheat Biscuit,McVitie's,19.0,20.497026,0.0,1,113825304
23467,MTR 3 Minute Poha Breakfast Mix,MTR 3 Minute,20.0,20.001005,0.0,4,113826618
477787,epigamia Alphonso Mango Flavoured Yogurt,epigamia,20.0,32.0,0.0,2,113827089
19735,Glucon-D Tangy Orange Instant Energy Drink Mix,Glucon-D,300.0,314.30908,0.0,1,113929705
447335,Too Yumm Baked Tomato Twist Rings Crisps,Too Yumm,25.0,39.502,0.0,1,113930742
427133,Parle Monaco Classic Regular Biscuit,Parle Monaco,96.0,105.59889,0.0,1,113952348
289003,"Pepsodent Germicheck 8 Actions With Anti Germ Formula, Clove & Neem Oil Toothpaste",Pepsodent,77.0,78.979034,0.0,1,113756506
400525,B Natural Mixed Fruit Juice - Buy 1 Get 1 Free,B Natural,120.0,191.99346,0.0,1,113756695
432778,Lay's American Style Cream & Onion Flavour Potato Chips,Lay's,42.0,42.00076,0.0,1,115335418
368445,Kissan Fresh Tomato Ketchup,Kissan,103.0,104.35712,0.0,1,112491171
124894,Top Ramen Masala Noodles,Top Ramen,37.0,37.922997,0.0,1,112491659
18555,Surf Excel Easy Wash Detergent Powder,Surf Excel,186.0,197.54826,0.0,1,112491814
424195,Cinthol Lime Soap,Cinthol,187.0,193.18405,0.0,1,112290406
10506,Complan Royale Chocolate Nutrition and Health Drink,Complan,255.0,265.134,0.0,1,112296847
19729,Glucon-D Nimbu Pani Instant Energy Drink Mix,Glucon-D,310.0,314.305,0.0,1,112310597
436313,Colgate Vedshakti Protect Mouth Spray,Colgate,81.0,83.19311,0.0,1,112311418
400926,Nescafe Iced Latte Cold Coffee,Nescafe,48.0,50.064,0.0,1,112329472
33213,B Natural Litchi Juice,B Natural,90.0,95.995,0.0,1,113327518
375328,Kurkure Puffcorn Yummy Cheese Puffs - Pack of 3,Kurkure,51.0,51.006,0.0,1,113343986
385846,Aashirvaad Svasti Pure Cow Ghee,Aashirvaad Svasti,535.0,557.603,0.0,2,113346526
400927,Nescafe Intense Cappuccino Cold Coffee,Nescafe,43.0,45.886,0.0,1,113347155
352,Real Fruit Power Guava Juice,Real,93.0,93.30753,0.0,1,113348275
59854,Tropicana Mixed Fruit Delight Juice,Tropicana,90.0,91.99702,0.0,2,113348587
400927,Nescafe Intense Cappuccino Cold Coffee,Nescafe,44.0,45.889874,0.0,2,113348603
19481,Pears Pure & Gentle Soap,Pears,179.0,187.69702,0.0,1,113365045
18555,Surf Excel Easy Wash Detergent Powder,Surf Excel,186.0,197.54826,0.0,1,112491988
445815,Dove Cream Beauty Bathing Soap (3 x 125 g) - Pack of 3,Dove,195.0,220.18181,0.0,1,112492539
477818,Dukes Bourbon Biscuit - Buy 1 Get 1 Free,Dukes,36.0,40.594048,0.0,1,112505512
74625,Tropicana Guava Delight Juice,Tropicana,82.0,84.00002,0.0,1,112531900
37173,"Nestle a+ ActiPlus Dahi, Probiotic Curd",Nestle,63.0,70.02,0.0,1,112531903
169132,Green Grapes,,57.0,46.0,1.0,1,112532033
19735,Glucon-D Tangy Orange Instant Energy Drink Mix,Glucon-D,300.0,314.30206,0.0,1,112532094
477780,"epigamia Unsweetened Almond Beverage (Lactose-Free, Plant-Based / Vegan / Milk Alternative)",epigamia,239.0,240.0,0.0,1,112532609
211410,Pears Pure & Gentle Soap - Pack of 5,Pears,280.0,290.48303,0.0,1,112532736
33208,B Natural Guava Juice,B Natural,90.0,95.994995,0.0,1,112532744
37173,"Nestle a+ ActiPlus Dahi, Probiotic Curd",Nestle,63.0,70.020004,0.0,1,112532798
307779,Hen Fruit Farm Brown Eggs,Hen Fruit,53.0,73.51672,0.0,1,112331372
3769,Saffola Gold Healthy Lifestyle & Heart Edible Oil,Saffola,414.0,425.86862,0.0,1,112331565
477482,Eggoz Farm Fresh White Eggs (10 pieces),Eggoz,88.0,98.0,0.0,1,112331652
393,Surf Excel Top Load Matic Detergent Powder,Surf Excel,324.0,446.89706,0.0,1,112333026
481197,Parle Chatkeen Khatta Meetha Namkeen,Parle,121.0,129.998,0.0,1,112333444
476668,Sante Zesty Orange Fruit Drink,Sante,26.0,44.996,0.0,1,112339597
19729,Glucon-D Nimbu Pani Instant Energy Drink Mix,Glucon-D,310.0,314.305,0.0,1,112351806
131475,Nivea Men Fresh Active Roll On,Nivea Men,160.0,165.021,0.0,1,112353385
13980,Tata Tea Premium Tea,Tata Tea,401.0,425.84897,0.0,1,112353736
18575,Vim Lemon Dishwash Gel,Vim,149.0,169.837,0.0,1,112354394
294102,Odonil Lavender Mist Room Freshener,Odonil,128.0,141.27,0.0,1,113370176
3952,Sweet Potato,,24.0,35.0,0.0,2,113394001
402326,Stayfree Secure Cottony Soft Sanitary Pads (Extra Large Wings) - Pack of 2,Stayfree,216.0,219.63998,0.0,1,113394591
458199,Nissin Geki - Hot & Spicy Korean Chicken Flavoured Instant Noodles,Nissin,37.0,38.707,0.0,1,113413789
13980,Tata Tea Premium Tea,Tata Tea,393.0,425.8491,0.0,1,113416845
436393,Pears Naturale Pomegranate Brightening Body Wash - Pack of 2,Pears,292.0,351.0222,0.0,1,113416900
10088,Cucumber,,10.0,13.0,0.0,1,113417896
13980,Tata Tea Premium Tea,Tata Tea,393.0,425.84897,0.0,1,112534864
33213,B Natural Litchi Juice,B Natural,90.0,95.99525,0.0,1,112552509
18322,Mountain Dew Soft Drink,Mountain Dew,60.0,64.80092,0.0,1,112552936
429898,Pears Naturale Pomegranate Brightening Body Wash,Pears,147.0,172.87584,0.0,1,112554046
385846,Aashirvaad Svasti Pure Cow Ghee,Aashirvaad Svasti,536.0,557.603,0.0,1,112554469
33218,B Natural Orange Juice,B Natural,90.0,95.995,0.0,1,112555252
189821,Papaya,,38.0,44.0,0.0,1,114975884
477169,Britannia Classic Cheese Spread 100 g,Britannia,45.0,51.284904,0.0,1,114980982
23691,Pepsi Soft Drink,Pepsi,64.0,64.806,0.0,1,114992787
420172,Liril Lime & Tea Tree Oil Soap,Liril,252.0,390.1287,0.0,1,115008660
11251,Lizol Disinfectant Surface & Floor Cleaner (Citrus) - 2 l,Lizol,337.0,346.515,0.0,1,115011704
82224,Saffola Gold Healthy Lifestyle & Heart Edible Oil,Saffola,203.0,215.282,0.0,1,112505764
86899,Domex Original Expert Toilet Cleaner,Domex,159.0,163.46053,0.0,1,112505887
361794,Saffola Gold Blended Cooking Oil (Healthy Lifestyle & Heart),Saffola,2820.0,2924.3127,0.0,1,112506011
32416,Amul Salted Butter (Chiplets),Amul,61.0,55.50999,1.0,2,112522784
477818,Dukes Bourbon Biscuit - Buy 1 Get 1 Free,Dukes,36.0,40.53936,0.0,1,112527115
447335,Too Yumm Baked Tomato Twist Rings Crisps,Too Yumm,26.0,39.500214,0.0,1,112527569
401249,Britannia Winkin Cow Vanilla Thick Milkshake,Britannia,27.0,29.701279,0.0,1,112829353
160704,Amul Cow Fresh Milk,Amul,23.0,24.869999000000004,0.0,3,112829752
209178,Harpic Disinfectant Liquid Toilet Cleaner,Harpic,184.0,169.30177,0.9836956521739131,1,112848251
32790,Slice Thickest Mango Drink,Slice,76.0,76.92421,0.0,1,112849943
95031,Garlic,,15.0,15.700002,0.0,1,112850225
320666,Harpic Disinfectant Liquid Bathroom Cleaner (Lemon),Harpic,162.0,165.11902,0.0,1,112872222
140973,Wipro Safewash Gentle Wash Liquid Detergent (Suitable for top load) - Buy 1 Get 1 Free,Wipro Safewash,316.0,323.001,0.0,2,114198128
392235,Surf Excel Top Load Matic Liquid Detergent,Surf Excel,317.0,348.58197,0.0,2,114200007
475880,Everyuth Naturals Nourishing Cocoa Body Lotion (Intense Moisturization With Almond Milk),Everyuth,188.0,199.99866,0.0,1,114200212
392235,Surf Excel Top Load Matic Liquid Detergent,Surf Excel,332.0,348.58066,0.0,1,114220731
477483,Eggoz Farm Fresh White Eggs,Eggoz,207.0,228.61516,0.0,1,114221404
169132,Green Grapes,,59.0,62.0,0.0,1,114221528
18575,Vim Lemon Dishwash Gel,Vim,157.0,177.86484,0.0,1,115023367
427133,Parle Monaco Classic Regular Biscuit,Parle Monaco,96.0,105.598,0.0,1,115026618
15406,MTR Roasted Vermicelli,MTR,76.0,82.95099,0.0,1,115027066
400929,Dabur Red Ayurvedic Gel Toothpaste,Dabur Red,113.0,140.68373,0.0,1,115030939
425725,Mr. White Ultimate whiteness Detergent Powder,Mr. White,450.0,468.82602,0.0,1,115035554
400525,B Natural Mixed Fruit Juice - Buy 1 Get 1 Free,B Natural,120.0,191.99,0.0,1,115040295
127163,Tide Double Power Lemon & Mint Detergent Powder,Tide,451.0,486.1066,0.0,1,115041487
380938,Real Activ 100% Tender Coconut Water - Pack of 6,Real,249.0,257.91576,0.0,1,115055658
82224,Saffola Gold Healthy Lifestyle & Heart Edible Oil,Saffola,204.0,215.28201,0.0,1,115055954
397484,Britannia Treat Croissant with Vanilla Creme Filling,Britannia Treat,17.0,17.089163,0.0,1,112549620
368445,Kissan Fresh Tomato Ketchup,Kissan,85.0,86.964,0.0,1,112549943
393,Surf Excel Top Load Matic Detergent Powder,Surf Excel,319.0,443.79782,0.0,1,112563994
74625,Tropicana Guava Delight Juice,Tropicana,82.0,84.00002,0.0,1,112564037
21854,Biotique Ocean Kelp Anti Hair Fall Shampoo,Biotique,113.0,118.45103,0.0,1,112566167
74625,Tropicana Guava Delight Juice,Tropicana,82.0,84.00247,0.0,1,112569374
424382,Knorr Pizza & Pasta Sauce,Knorr,52.0,53.136005,0.0,1,112569403
409777,Parle Kismi Assorted Candy,Parle Kismi,40.0,41.003,0.0,1,112569958
18322,Mountain Dew Soft Drink,Mountain Dew,60.0,64.80235,0.0,1,112570476
82224,Saffola Gold Healthy Lifestyle & Heart Edible Oil,Saffola,203.0,215.282,0.0,1,112570527
479849,Saffron Groundnuts,Saffron,51.0,61.59999,0.0,1,112571015
240122,Lifebuoy Total 10 Hand Wash,Lifebuoy Total 10,99.0,104.428,0.0,1,112571504
427133,Parle Monaco Classic Regular Biscuit,Parle Monaco,96.0,105.59894,0.0,1,112874941
427625,Sunsilk Lusciously Thick & Long Shampoo,Sunsilk,514.0,644.0794,0.0,1,112901388
410824,Dabur 100% Pure Squeezy Honey - Buy 1 Get 1 Free,Dabur,156.0,169.12614,0.0,1,112901615
439619,Parle Premium Real Elaichi Rusk,Parle,118.0,136.00029,0.0,1,112901701
446798,Exo Anti-Bacterial Steel Scrub - Pack of 3,Exo,37.0,40.174328,0.0,2,112901713
442942,Kesh King Scalp And Hair Medicine Anti- Hairfall Conditioner,Kesh King,127.0,159.98363,0.0,1,112901769
424195,Cinthol Lime Soap,Cinthol,182.0,191.40483,0.0,1,113370020
422948,Sunfeast Yippee Magic Masala Instant Noodles,Sunfeast Yippee,119.0,123.84501,0.0,1,113389966
395049,Odonil Zipper Room Freshener,Odonil,128.0,141.26906,0.0,1,113390825
365044,Gillette Venus Comfortglide Hair Removal Women's Razor,Gillette,277.0,285.088,0.0,1,113391976
966,Colgate MaxFresh Plax Antibacterial Fresh Tea Mouthwash,Colgate MaxFresh,121.0,125.31503,0.0,1,112967888
400926,Nescafe Iced Latte Cold Coffee,Nescafe,48.0,50.064,0.0,2,112986868
77113,Lizol Disinfectant Surface & Floor Cleaner (Citrus),Lizol,664.0,705.5163,0.0,1,112987332
33218,B Natural Orange Juice,B Natural,90.0,95.995,0.0,1,112988551
367009,Closeup Everfresh+ Anti-Germ Gel Red Hot Toothpaste - Pack of 2,Closeup,140.0,143.91621,0.0,1,113009169
368445,Kissan Fresh Tomato Ketchup,Kissan,85.0,86.96401,0.0,1,113009935
426670,Dabur Vedic Suraksha Green Tea,Dabur,126.0,154.508,0.0,1,114643801
55360,Parle Platina Hide & Seek Chocolate Chip Cookies,Parle Platina,48.0,52.805004,0.0,1,114647964
32509,D'lecta Dairy Fresh Cream,D'lecta,47.0,49.310005,0.0,2,114651724
187290,Glucon-D Orange Energy Drink Mix,Glucon-D,153.0,154.22162,0.0,1,114673244
31999,24 Mantra Split Organic Moong Dal (Chilka),24 Mantra,102.0,102.88166,0.0,1,114685651
82341,Maggi Cheese Macaroni Instant Pasta,Maggi,24.0,24.001547000000002,0.0,3,114686079
352107,Exo Anti-Bacterial Dishwashing Tub (Ginger Twist),Exo,126.0,130.37798,0.0,1,112369056
3923,Green Peas,,11.0,13.0,0.0,2,112382064
160704,Amul Cow Fresh Milk,Amul,23.0,24.870005,0.0,1,112383049
3888,Green Capsicum,,17.0,21.0,0.0,1,112383509
408764,Tide Extra Power (Jasmine & Rose) - 7 kg Detergent Powder - with Free Detergent Powder - 3 kg,Tide,890.0,925.00604,0.0,1,112384085
111385,Maggi Masala Penne Instant Pasta,Maggi,24.0,24.001778,0.0,2,112400834
152381,Pears Pure & Gentle Body Wash - with Free Loofah,Pears,115.0,118.467606,0.0,1,112401517
455665,Clean & Clear Foaming Face Wash,Clean & Clear,212.0,214.24019,0.0,1,112401582
407479,Parachute Advansed Gold Coconut Hair Oil,Parachute Advansed,190.0,192.104,0.0,1,112402825
3898,Lady Finger,,18.0,20.0,0.0,1,113393325
169132,Green Grapes,,53.0,57.6875,0.0,1,113393379
169132,Green Grapes,,52.0,58.0,0.0,1,113393550
243,Nescafe Classic Instant Coffee,Nescafe,285.0,285.3955,0.0,1,113414762
124894,Top Ramen Masala Noodles,Top Ramen,37.0,37.923,0.0,1,113414839
365044,Gillette Venus Comfortglide Hair Removal Women's Razor,Gillette,297.0,306.151,0.0,1,113415419
352107,Exo Anti-Bacterial Dishwashing Tub (Ginger Twist),Exo,126.0,130.37848,0.0,1,113415634
18555,Surf Excel Easy Wash Detergent Powder,Surf Excel,186.0,187.697,0.25268817204301075,1,113416996
428248,Kurkure Chilli Chatka Crisps - Pack of 3,Kurkure,51.0,51.005796,0.0,1,113432948
3888,Green Capsicum,,18.0,20.184212,0.0,1,113010725
100476,Bingo Cream & Onion Potato Chips,Bingo,16.0,16.60185,0.0,2,113029248
222470,Parle Cream & Onion Potato Chips (Celebration Pack),Parle,21.0,24.002,0.0,1,113029415
477482,Eggoz Farm Fresh White Eggs (10 pieces),Eggoz,88.0,91.0,0.0,2,113029756
424362,Whisper Ultra Clean Sanitary Pads (XL+),Whisper,421.0,442.88998,0.0,1,113031204
401256,Britannia Winkin Cow Strawberry Thick Milkshake,Britannia,27.0,29.913548000000002,0.0,3,113031507
19512,Amul Taaza Toned Fresh Milk,Amul,22.0,24.15,0.0,2,113031670
33216,B Natural Mixed Fruit Juice,B Natural,73.0,95.995,0.0,1,113033569
350143,Chef's Basket Durum Wheat Penne Domestic Pasta,Chef's Basket,89.0,131.253,0.0,2,113050997
392235,Surf Excel Top Load Matic Liquid Detergent,Surf Excel,320.0,348.89297,0.0,1,113051569
211410,Pears Pure & Gentle Soap - Pack of 5,Pears,280.0,290.483,0.0,1,113051584
150867,Britannia Pure Magic Chocolush Center Filled Biscuits,Britannia Pure Magic,92.0,119.145454,0.0,1,112425147
307446,Pepsodent Germicheck 8 Actions Toothpaste,Pepsodent,113.0,115.83599,0.0,1,112425544
401246,Britannia Winkin Cow Chocolate Thick Milkshake,Britannia,27.0,29.914968,0.0,2,112438950
33206,B Natural Apple Juice,B Natural,90.0,95.99501,0.0,2,112440670
33216,B Natural Mixed Fruit Juice,B Natural,72.0,95.995,0.0,2,114695676
404177,,,70.0,84.0,0.0,1,113902951
456090,RiteBite Max Protein Choco Chips Cookies,RiteBite,29.0,29.995306,0.0,1,113903573
104,Aashirvaad Salt 1 kg,Aashirvaad,19.0,20.0,0.0,1,115412628
19735,Glucon-D Tangy Orange Instant Energy Drink Mix,Glucon-D,300.0,314.281,0.0,1,115413261
108920,Saffola Active Pro Weight Watchers Edible Oil,Saffola,216.0,219.965,0.0,1,115414184
20144,Real Fruit Power Litchi Juice,Real,92.0,97.63111,0.0,1,115425402
111843,Maggi Cheesy Tomato Twist Instant Pasta,Maggi,24.0,24.00198,0.0,1,115429860
18575,Vim Lemon Dishwash Gel,Vim,175.0,177.87422,0.0,1,115431911
18322,Mountain Dew Soft Drink,Mountain Dew,60.0,64.806,0.0,1,115433258
18322,Mountain Dew Soft Drink,Mountain Dew,60.0,64.80152,0.0,1,115434736
482197,,,0.0,210.00018,0.0,1,115436769
58051,Revive Instant Starch Powdered Fabric Stiffener,Revive,54.0,58.072952,0.0,1,113116079
18371,Britannia NutriChoice Multigrain Digestive Biscuit,Britannia NutriChoice,64.0,64.102,0.0,1,113136361
15410,Nissin Spiced Chicken Cup Noodles,Nissin,38.0,39.502003,0.0,1,113136888
393,Surf Excel Top Load Matic Detergent Powder,Surf Excel,319.0,446.8995,0.0,2,113138025
427133,Parle Monaco Classic Regular Biscuit,Parle Monaco,96.0,105.598,0.0,2,113157141
423952,Tresemme Keratin Smooth Shampoo,Tresemme,606.0,776.09735,0.0,1,113957080
437997,Bingo Mad Angles Cheese Nachos,Bingo Mad Angles,15.0,16.6,0.0,7,113957360
127687,Lux Jasmine & Vitamin E Beauty Soap Mega Pack 3 x 150 g,Lux,132.0,147.476,0.0,1,113157785
396897,Bingo Tedhe Medhe Masala Tadka Crisps,Bingo Tedhe Medhe,16.0,16.599998,0.0,1,113158369
392931,Britannia NutriChoice Digestive High Fibre Biscuit - Super Saver pack,Britannia NutriChoice,170.0,170.08499,0.0,1,113158782
368445,Kissan Fresh Tomato Ketchup,Kissan,85.0,86.964005,0.0,1,113158812
19184,Colgate Strong Teeth Anticavity Toothpaste,Colgate,202.0,221.39308,0.0,1,113180108
396897,Bingo Tedhe Medhe Masala Tadka Crisps,Bingo Tedhe Medhe,16.0,16.6,0.0,1,113181139
32790,Slice Thickest Mango Drink,Slice,76.0,76.91752,0.0,1,113181534
18555,Surf Excel Easy Wash Detergent Powder,Surf Excel,186.0,187.69719,0.0,3,113957523
475920,Dove Cream Beauty Bathing Soap - Pack of 2,Dove,402.0,449.50274,0.0,1,113979020
402001,Nestle Nestea Lemon Flavour Iced Tea (Ready to Drink),Nestle,25.0,25.032999,0.0,3,113979374
135928,Real Activ 100% Mixed Fruit Juice,Real,120.0,120.34663,0.0,1,113979679
410824,Dabur 100% Pure Squeezy Honey - Buy 1 Get 1 Free,Dabur,156.0,175.707,0.0,1,113979996
383615,KitKat 2 Finger Wafer Bar Share Bag (7 packs inside),KitKat,85.0,85.363945,0.0,1,114000731
133189,Pond's Bright Beauty Serum Face Cream,Pond's,100.0,105.843994,0.0,1,113204209
3889,Coriander Bunch,,3.0,4.0,0.0,1,113204470
70304,Everyuth Purifying Neem Face Wash,Everyuth,95.0,119.99499,0.0,1,113204920
17772,iD Idli & Dosa Batter (1 kg),iD,79.0,79.999,0.0,1,113224410
335465,Daawat Sehat Mini Mogra Basmati Rice (Broken),Daawat,230.0,230.00215,0.0,1,113224459
131475,Nivea Men Fresh Active Roll On,Nivea Men,160.0,165.17645,0.0,1,113225843
96077,Nivea Fresh Natural Deodorant Spray,Nivea,180.0,186.747,0.0,1,113226223
396897,Bingo Tedhe Medhe Masala Tadka Crisps,Bingo Tedhe Medhe,16.0,16.599997,0.0,1,113226388
391003,Saffola Classic Masala Oats,Saffola,172.0,174.21974,0.0,1,113226431
13980,Tata Tea Premium Tea,Tata Tea,393.0,425.8502,0.0,1,113227716
430637,Sunsilk Lusciously Thick & Long Conditioner 340 ml,Sunsilk,218.0,254.487,0.0,1,113247263
101247,Tresemme Keratin Smooth Shampoo,Tresemme,488.0,535.3017,0.0,1,114002601
108721,Maggi Mushroom Penne Instant Pasta,Maggi,24.0,24.001993,0.0,2,114024369
364609,Emami Fair and Handsome 100% Oil Clear Face Wash,Emami Fair and Handsome,131.0,135.99603,0.0,1,114024505
195821,Surf Excel Easy Wash - Detergent Powder,Surf Excel,562.0,616.719,0.0,1,114034122
55360,Parle Platina Hide & Seek Chocolate Chip Cookies,Parle Platina,48.0,52.805,0.0,1,114048345
399896,Everyuth Naturals Chocolate and Cherry Tan Removal Scrub,Everyuth,92.0,92.0046,0.0,1,114049795
396897,Bingo Tedhe Medhe Masala Tadka Crisps,Bingo Tedhe Medhe,16.0,16.60104,0.0,1,114049975
63239,Hit Spray Flies & Mosquito Killer,Hit,272.0,335.3943,0.0,1,114050636
400525,B Natural Mixed Fruit Juice - Buy 1 Get 1 Free,B Natural,120.0,191.99,0.0,2,114098938
400927,Nescafe Intense Cappuccino Cold Coffee,Nescafe,48.0,50.063995,0.0,1,114104356
18575,Vim Lemon Dishwash Gel,Vim,146.0,170.55049,0.0,1,114117792
422719,Nycil Cool Classic Germ Expert Prickly Heat Powder Talc - Free Nycil Cool Herbal Powder 50 g,Nycil,111.0,116.077,0.0,1,114118140
415759,Hershey's Chocolate Syrup,Hershey's,288.0,288.00232,0.0,1,114119607
477483,Eggoz Farm Fresh White Eggs,Eggoz,207.0,222.09082,0.0,1,114120341
383617,Nestle Munch Nuts Chocolate Coated Wafer Bar - Home Pack,Nestle,128.0,129.54962,0.0,1,114120514
426661,Tata Tea Premium Tea,Tata Tea,494.0,588.672,0.0,1,114120832
3923,Green Peas,,10.0,14.999966,0.0,1,114129247
19191,Colgate MaxFresh Toothpaste (Spicy Fresh),Colgate MaxFresh,146.0,152.92809,0.0,1,114159568
37261,Quaker Rolled Oats,Quaker,167.0,171.1461,0.0,1,113112326
425706,,,72.0,79.4283,0.0,1,113131187
391003,Saffola Classic Masala Oats,Saffola,172.0,174.21986,0.0,2,113132052
401282,Real Fruit Power Masala Mixed Fruit Juice,Real,61.0,103.09604,0.0,6,113132303
369007,Odonil Bathroom Air Freshener Blocks - Mixed Fragrances - Pack of 4,Odonil,134.0,137.73003,0.0,1,113132640
13980,Tata Tea Premium Tea,Tata Tea,393.0,425.84906,0.0,1,113151985
409120,Colgate Toothpaste Bamboo Charcoal Black Gel And Wintergreen Mint For A Clean Mouth Experience,Colgate,99.0,109.188965,0.0,1,113152529
368445,Kissan Fresh Tomato Ketchup,Kissan,85.0,86.964005,0.0,1,113153316
19512,Amul Taaza Toned Fresh Milk,Amul,24.0,24.15,0.0,1,114077434
131475,Nivea Men Fresh Active Roll On,Nivea Men,151.0,165.16515,0.0,4,114095899
439619,Parle Premium Real Elaichi Rusk,Parle,128.0,144.501,0.0,1,114099829
480357,Cornitos Crusties Lemon Chili Bean Puffs,Cornitos,22.0,22.505,0.0,2,114100192
3898,Lady Finger,,19.0,20.0,0.0,1,114100696
400785,Good Knight Power Active + Mosquito Repellent Refill,Good Knight,324.0,367.1918,0.0,2,114120960
293385,Wingreens Farms Chipotle Sandwich Spread,Wingreens Farms,149.0,156.005,0.0,1,114120989
23343,English Cucumber,,20.0,21.981865,0.0,1,114121549
116189,Bingo Original Style Chilli Potato Chips,Bingo,16.0,16.598,0.0,1,114122279
35347,Everyuth Tulsi Turmeric Face Wash,Everyuth,98.0,119.9934,0.0,1,114122448
369007,Odonil Bathroom Air Freshener Blocks - Mixed Fragrances - Pack of 4,Odonil,134.0,143.034,0.0,1,113393040
413192,Sugarlite with half the Calories Sugar - Buy 1 Get 1 Free,Sugarlite,99.0,162.35566,0.0,1,113415814
392235,Surf Excel Top Load Matic Liquid Detergent,Surf Excel,322.0,348.5813,0.0,1,113416398
391003,Saffola Classic Masala Oats,Saffola,172.0,174.21619,0.0,1,113416490
230,BRU Instant Coffee 100 g,BRU,264.0,270.61145,0.0,1,113433724
400785,Good Knight Power Active + Mosquito Repellent Refill,Good Knight,324.0,367.19238,0.0,1,113434202
75468,24 Mantra Organic Malka Masoor,24 Mantra,83.0,83.557556,0.0,1,113436597
74625,Tropicana Guava Delight Juice,Tropicana,82.0,84.0,0.0,1,113357362
479478,Goeld Cheesy Corn Bites,Goeld,101.0,112.50405,0.0,1,113357667
127096,Nestle Munch Chocolate Coated Crunchy Wafers - Share Pack,Nestle,85.0,85.36294,0.0,1,113357840
96077,Nivea Fresh Natural Deodorant Spray,Nivea,180.0,186.747,0.0,1,113357871
466066,Colgate Total Whole Mouth Health Toothpaste - Pack of 2,Colgate,173.0,202.071,0.0,1,113358390
409538,Parle Platina Hide & Seek Choco Rolls Sandwich Cream Biscuits,Parle Platina,90.0,103.20197,0.0,2,113374610
108301,Aashirvaad Multigrain Atta,Aashirvaad,275.0,280.0214,0.0,2,113378351
350143,Chef's Basket Durum Wheat Penne Domestic Pasta,Chef's Basket,88.0,131.2506,0.0,1,113380104
67402,Tresemme Keratin Smooth Conditioner,Tresemme,172.0,200.95787,0.0,1,113153880
23467,MTR 3 Minute Poha Breakfast Mix,MTR 3 Minute,20.0,20.001081,0.0,2,113154193
18575,Vim Lemon Dishwash Gel,Vim,141.0,165.48814,0.0,1,113154291
368445,Kissan Fresh Tomato Ketchup,Kissan,85.0,86.964005,0.0,1,113174586
366098,Nestle Milo Cocoa-Malt Flavoured Milk Beverage,Nestle,32.0,33.37608,0.0,1,113175420
59854,Tropicana Mixed Fruit Delight Juice,Tropicana,90.0,91.998505,0.0,1,113175830
415759,Hershey's Chocolate Syrup,Hershey's,267.0,288.0051,0.0,1,113176100
422719,Nycil Cool Classic Germ Expert Prickly Heat Powder Talc - Free Nycil Cool Herbal Powder 50 g,Nycil,111.0,116.077,0.0,1,113973411
477170,Britannia Roasted Garlic - Cheese Spread,Britannia,45.0,51.266796,0.0,1,113994368
477482,Eggoz Farm Fresh White Eggs (10 pieces),Eggoz,88.0,91.0,0.0,1,113994704
371120,Fiama Soap Pack with 5 Unique Gel Bars - Buy 4 get 1 Free,Fiama,259.0,260.3118,0.0,1,113995485
21852,24 Mantra Organic Flax Seeds,24 Mantra,63.0,112.85126,0.0,1,113995666
105,Tata Salt,Tata,24.0,19.199993,1.0,1,113995675
199435,New Potato,,15.0,16.802134,0.0,1,114949216
195821,Surf Excel Easy Wash - Detergent Powder,Surf Excel,562.0,616.71906,0.0,1,114954545
423857,Mother Dairy Malai Paneer,Mother Dairy,75.0,81.495766,0.0,2,114965616
46074,Parle Real Elaichi Premium Rusk,Parle,40.0,42.5,0.0,1,114968496
392,Surf Excel Front Load Matic Detergent Powder,Surf Excel,380.0,491.58765,0.0,1,114972478
458199,Nissin Geki - Hot & Spicy Korean Chicken Flavoured Instant Noodles,Nissin,37.0,38.706993,0.0,1,114975519
32509,D'lecta Dairy Fresh Cream,D'lecta,47.0,49.301666,0.0,1,114986763
389760,GMC Munakka,GMC,151.0,151.31624,0.0,1,114988189
152381,Pears Pure & Gentle Body Wash - with Free Loofah,Pears,115.0,119.6383,0.0,1,114988702
82224,Saffola Gold Healthy Lifestyle & Heart Edible Oil,Saffola,222.0,234.00298999999998,0.0,3,114192858
19481,Pears Pure & Gentle Soap,Pears,179.0,187.69704000000002,0.0,3,114214473
96077,Nivea Fresh Natural Deodorant Spray,Nivea,131.0,165.16501,0.0,1,114214507
23691,Pepsi Soft Drink,Pepsi,64.0,64.806,0.0,1,114217435
82341,Maggi Cheese Macaroni Instant Pasta,Maggi,24.0,24.001854,0.0,2,114003296
401282,Real Fruit Power Masala Mixed Fruit Juice,Real,64.0,107.14621,0.0,1,114016314
392931,Britannia NutriChoice Digestive High Fibre Biscuit - Super Saver pack,Britannia NutriChoice,170.0,170.085,0.0,1,114016411
978,Sensodyne Rapid Relief Sensitive Toothpaste,Sensodyne,153.0,164.10002,0.0,1,114041980
439142,Lay's American Style Cream & Onion Flavour Potato Chips - Pack of 2,Lay's,83.0,84.004944,0.0,1,114998105
432048,Ariel Matic 3In1 Detergent Pods,Ariel,321.0,399.99332,0.0,1,115007707
363541,Mother Dairy Tadka Buttermilk,Mother Dairy,10.0,11.600001333333333,0.0,3,115017633
366925,Meswak Toothpaste,Meswak,158.0,166.333,0.0,1,115024897
400785,Good Knight Power Active + Mosquito Repellent Refill,Good Knight,368.0,380.03717,0.0,1,115033845
402483,Kellogg's Granola Almond & Cranberries Cereal,Kellogg's,274.0,289.34805,0.0,1,115033882
3923,Green Peas,,10.0,15.0,0.0,4,113856165
422948,Sunfeast Yippee Magic Masala Instant Noodles,Sunfeast Yippee,119.0,123.84287,0.0,1,113873712
18575,Vim Lemon Dishwash Gel,Vim,146.0,170.5044,0.2465753424657534,2,113875018
10088,Cucumber,,15.0,15.5,0.0,1,113876006
3898,Lady Finger,,18.0,20.0,0.0,2,113876162
383615,KitKat 2 Finger Wafer Bar Share Bag (7 packs inside),KitKat,85.0,85.37697,0.0,1,113876492
18575,Vim Lemon Dishwash Gel,Vim,146.0,169.81349,0.0,1,113876685
23379,Sweet Corn - Packet,,26.0,28.0,0.0,2,113898410
465882,Nivea Lemon & Oil Shower Gel,Nivea,103.0,103.746,0.0,1,114236659
36769,iD Malabar Parantha,iD,63.0,68.0,0.0,2,114237563
110136,Brooke Bond Taj Mahal Tea (1 kg),Brooke Bond Taj Mahal,550.0,550.7079,0.0,1,114237731
17489,Real Fruit Power Mixed Fruit Juice 180 ml,Real,16.0,17.192,0.0,1,114260363
18555,Surf Excel Easy Wash Detergent Powder,Surf Excel,186.0,187.69702,0.0,1,114260599
477788,epigamia Strawberry Flavoured Yogurt,epigamia,20.0,32.004,0.0,1,114261458
67402,Tresemme Keratin Smooth Conditioner,Tresemme,172.0,200.9575,0.0,1,114261637
18575,Vim Lemon Dishwash Gel,Vim,157.0,169.32108,0.0,1,115052988
475681,Jade Forest Indian Tonic Water,Jade Forest,48.0,60.00368,0.0,1,115054620
482193,,,0.0,210.0,0.0,1,115061506
401246,Britannia Winkin Cow Chocolate Thick Milkshake,Britannia,27.0,30.044085,0.0,1,115061661
426661,Tata Tea Premium Tea,Tata Tea,494.0,588.67194,0.0,1,115061804
391084,"Pampers All Round Protection Diaper (Pants, XL, 12-17 kg)",Pampers,860.0,959.20245,0.0,1,115061838
81894,Comfort After Wash Fabric Conditioner (Morning Fresh),Comfort,206.0,210.04158,0.0,1,113264823
3923,Green Peas,,12.0,13.987879,0.0,1,113266467
438160,Biotique Honey Gel Soothe & Nourish Foaming Face Wash,Biotique,129.0,133.3537,0.0,1,113266495
407580,Pril Tamarind Shine Specialist Dishwash Gel,Pril,151.0,174.14372,0.0,1,113267284
307446,Pepsodent Germicheck 8 Actions Toothpaste,Pepsodent,113.0,115.83622,0.0,1,113311385
445815,Dove Cream Beauty Bathing Soap (3 x 125 g) - Pack of 3,Dove,195.0,222.9701,0.0,1,113311477
392004,Parachute 100% Pure Coconut Oil,Parachute,232.0,237.4712,0.0,1,113311888
381844,Tetley Classic Green Tea Bags (Immune with added Vitamin C),Tetley,116.0,134.92168,0.0,1,113311959
3769,Saffola Gold Healthy Lifestyle & Heart Edible Oil,Saffola,413.0,425.88004,0.0,1,113312084
242895,Nivea Whitening Smooth Skin Roll On (Women),Nivea,160.0,165.17267,0.0,1,113312448
455798,Clean & Clear Foaming Face Wash - Pack of 2,Clean & Clear,384.0,428.51086,0.0,1,113331395
397484,Britannia Treat Croissant with Vanilla Creme Filling,Britannia Treat,17.0,17.091265,0.0,2,113331556
164997,Hen Fruit Power Brown Eggs,Hen Fruit,86.0,100.0,0.0,1,113331999
429898,Pears Naturale Pomegranate Brightening Body Wash,Pears,147.0,172.819,0.0,1,113352796
68584,"Gala Kingkong Grass Broom / Jhadu (Meghalaya Grass & Plastic, Brown & Pink)",Gala,180.0,132.88832,0.7277777777777777,1,113352855
10509,Complan Kesar Badam Nutrition and Health Drink,Complan,280.0,298.162,0.0,1,113354013
243,Nescafe Classic Instant Coffee,Nescafe,285.0,285.37347,0.0,1,113375372
455288,Ariel Top Load Matic Liquid Detergent,Ariel,304.0,361.11508,0.0,2,113375374
396897,Bingo Tedhe Medhe Masala Tadka Crisps,Bingo Tedhe Medhe,16.0,16.6,0.0,1,113375752
361151,Sunfeast Bounce Choco Cream Biscuits,Sunfeast Bounce,10.0,33.996592,0.0,2,113376337
233,BRU Instant Coffee,BRU,306.0,317.35904,0.0,1,113376855
477483,Eggoz Farm Fresh White Eggs,Eggoz,207.0,214.5,0.0,1,113396537
429898,Pears Naturale Pomegranate Brightening Body Wash,Pears,147.0,172.88261,0.0,1,113400079
391685,Real Alphonso Nectar Mango Juice,Real,82.0,98.553474,0.0,1,113400277
458200,Nissin Geki - Hot & Spicy Korean Veg Flavoured Instant Noodles,Nissin,37.0,38.707,0.0,1,113419614
477483,Eggoz Farm Fresh White Eggs,Eggoz,207.0,214.5,0.0,1,113419849
395049,Odonil Zipper Room Freshener,Odonil,128.0,141.27,0.0,1,113420629
440303,Bingo Mad Angles Pizza Nachos - Pack of 2,Bingo Mad Angles,29.0,33.2,0.0,1,113422776
135258,Odonil Bathroom Air Freshener Blocks - Mixed Fragrances - Pack of 4,Odonil,194.0,198.1128,0.0,1,113424575
443582,24 Mantra Organic Chia Seeds,24 Mantra,263.0,265.99683,0.0,1,113443482
19512,Amul Taaza Toned Fresh Milk,Amul,22.0,24.15,0.0,2,113443793
37083,Nandini Toned Fresh Milk,Nandini,17.0,18.5,0.0,3,113444309
392235,Surf Excel Top Load Matic Liquid Detergent,Surf Excel,322.0,348.58035,0.0,1,113444491
424195,Cinthol Lime Soap,Cinthol,182.0,191.41031,0.0,1,113445580
407473,Boroplus Doodh Kesar Body Lotion,Boroplus,192.0,255.99886,0.0,1,113446148
410824,Dabur 100% Pure Squeezy Honey - Buy 1 Get 1 Free,Dabur,156.0,170.8905,0.0,1,113461161
424362,Whisper Ultra Clean Sanitary Pads (XL+),Whisper,421.0,442.89005,0.0,1,113464488
3898,Lady Finger,,19.0,19.806997,0.0,1,113464578
33213,B Natural Litchi Juice,B Natural,90.0,95.99412,0.0,1,113464627
474398,Budweiser Beats Energy Drink,Budweiser,56.0,67.494,0.0,1,113465253
82224,Saffola Gold Healthy Lifestyle & Heart Edible Oil,Saffola,202.0,215.28203,0.0,1,113466174
10530,Tata Tea Agni Special Blend Tea,Tata Tea,92.0,92.02618,0.0,1,113484235
18575,Vim Lemon Dishwash Gel,Vim,146.0,170.55049,0.0,1,113488046
366098,Nestle Milo Cocoa-Malt Flavoured Milk Beverage,Nestle,28.0,33.37608,0.0,4,113489208
15422,Nissin Veggi Manchow Cup Noodles,Nissin,31.0,39.501995,0.0,3,113494989
19735,Glucon-D Tangy Orange Instant Energy Drink Mix,Glucon-D,266.0,314.30316,0.0,1,113517792
364817,Ariel Top Load Matic Detergent Powder - Buy 4 kg Get 2 kg Free,Ariel,904.0,1064.785,0.0,1,113518423
23920,L'Oreal Paris 6 Oil Nourish Shampoo (6 Flower Oil),L'Oreal Paris,480.0,509.807,0.0,1,113518529
455867,Too Yumm Indian Masala Potato Chips,Too Yumm,21.0,23.699001,0.0,1,113533217
395043,Stayfree Dry Max All Night Sanitary Pads (Extra Large Wings),Stayfree,425.0,446.43002,0.0,1,113538440
437997,Bingo Mad Angles Cheese Nachos,Bingo Mad Angles,16.0,16.599998,0.0,2,112477864
392596,Mortein 2-in-1 Mosquito and Cockroach Killer Spray,Mortein,144.0,166.5243,0.0,1,112496797
481264,,,100.0,112.494,0.0,1,112516802
395339,Kurkure Masala Munch Crisps - Pack of 3,Kurkure,51.0,51.006,0.0,1,112517299
438219,Chef's Basket Durum Wheat Elbow Domestic Pasta,Chef's Basket,81.0,119.997,0.0,1,112518189
108107,Nycil Cool Herbal Germ Expert Prickly Heat Powder Talc - Free 50 g Pack,Nycil,111.0,116.077,0.0,1,112537817
455288,Ariel Top Load Matic Liquid Detergent,Ariel,305.0,361.1157,0.2459016393442623,1,112538263
127096,Nestle Munch Chocolate Coated Crunchy Wafers - Share Pack,Nestle,85.0,85.36316000000001,0.0,5,112538570
33216,B Natural Mixed Fruit Juice,B Natural,73.0,95.995,0.0,1,112539256
126482,Nivea Frangipani & Oil Shower Gel,Nivea,183.0,186.747,0.0,1,112540186
392235,Surf Excel Top Load Matic Liquid Detergent,Surf Excel,318.0,348.5824,0.0,1,112553160
422719,Nycil Cool Classic Germ Expert Prickly Heat Powder Talc - Free Nycil Cool Herbal Powder 50 g,Nycil,111.0,116.077,0.0,1,112554022
368445,Kissan Fresh Tomato Ketchup,Kissan,85.0,86.967995,0.0,1,112558627
13980,Tata Tea Premium Tea,Tata Tea,393.0,425.84897,0.0,1,112559078
410600,Pears Soft & Fresh Body Wash,Pears,137.0,172.66264,0.0,1,112560296
391084,"Pampers All Round Protection Diaper (Pants, XL, 12-17 kg)",Pampers,779.0,959.2041,0.0,2,112561508
108721,Maggi Mushroom Penne Instant Pasta,Maggi,24.0,24.001036,0.0,1,112577126
19735,Glucon-D Tangy Orange Instant Energy Drink Mix,Glucon-D,300.0,314.30267,0.0,1,112577180
368445,Kissan Fresh Tomato Ketchup,Kissan,85.0,86.964,0.0,1,112581607
266441,Britannia Good Day Cashew Biscuit (600 g),Britannia Good Day,96.0,102.56478,0.0,1,112581945
3952,Sweet Potato,,21.0,28.0,0.0,1,112582372
368445,Kissan Fresh Tomato Ketchup,Kissan,85.0,86.964005,0.0,1,112582530
422948,Sunfeast Yippee Magic Masala Instant Noodles,Sunfeast Yippee,119.0,123.84591,0.6302521008403361,1,112596272
392931,Britannia NutriChoice Digestive High Fibre Biscuit - Super Saver pack,Britannia NutriChoice,170.0,170.08499,0.0,1,112603022
409776,Parle Orange Bite Bigger - Orangee Jhatkaa Candy,Parle Orange Bite,40.0,41.003,0.0,1,112603152
416633,Dabur Amla Hair Oil,Dabur Amla,240.0,268.86,0.0,1,112603682
23379,Sweet Corn - Packet,,27.0,27.999994,0.0,1,112603977
429760,Nutralite Cheesy Garlic Flavoured Mayonnaise (Eggless) - With 25g extra,Nutralite,75.0,76.0082,0.0,1,112603981
432464,,,468.0,631.82981,0.0,2,112623341
17184,Tropicana Apple Delight Juice,Tropicana,82.0,84.00008,0.0,2,112623464
397484,Britannia Treat Croissant with Vanilla Creme Filling,Britannia Treat,17.0,17.089163,0.0,1,112624018
477483,Eggoz Farm Fresh White Eggs,Eggoz,207.0,231.0,0.0,1,112624157
410809,Kesh King Scalp & Hair Medicine Anti Hairfall Shampoo,Kesh King,169.0,179.996,0.0,1,112624234
110767,Tata Tea Premium Tea,Tata Tea,30.0,50.10101,0.0,1,112624676
429898,Pears Naturale Pomegranate Brightening Body Wash,Pears,147.0,172.8826,0.0,1,112624998
422948,Sunfeast Yippee Magic Masala Instant Noodles,Sunfeast Yippee,119.0,123.84173,0.0,1,112639105
19924,Mother Dairy Full Cream Fresh Milk,Mother Dairy,30.0,38.306666666666665,0.0,3,112639110
19172,Britannia Nut & Raisin Romance Cake,Britannia,51.0,51.283005,0.0,1,112645031
634,Mother's Recipe Mixed Pickle,Mother's Recipe,109.0,119.19446,0.0,1,112646226
477482,Eggoz Farm Fresh White Eggs (10 pieces),Eggoz,88.0,91.0,0.0,1,112646671
422948,Sunfeast Yippee Magic Masala Instant Noodles,Sunfeast Yippee,119.0,123.84249,0.0,1,112647917
15409,Nissin Mazedar Masala Cup Noodles,Nissin,38.0,39.501923,0.0,1,112659778
392235,Surf Excel Top Load Matic Liquid Detergent,Surf Excel,318.0,348.58093,0.0,1,112676028
18623,Bajaj Almond Drops Hair Oil,Bajaj,255.0,259.1509,0.0,1,112677163
410619,Saffola Total Pro Heart Conscious Edible Oil,Saffola,198.0,215.282,0.0,1,112679525
426661,Tata Tea Premium Tea,Tata Tea,495.0,588.67194,0.0,1,112679601
438988,Wingreens Farms Italian Herb Mayonnaise,Wingreens Farms,150.0,155.21507,0.0,1,112679661
82224,Saffola Gold Healthy Lifestyle & Heart Edible Oil,Saffola,203.0,215.28198,0.0,2,112695674
392235,Surf Excel Top Load Matic Liquid Detergent,Surf Excel,318.0,348.58066,0.0,1,112697529
230,BRU Instant Coffee 100 g,BRU,264.0,273.23233,0.0,1,112697811
